Name,Sex,Country,Disambiguation,Instagram
Abderrahmen Dellaoui,,,,abdou.dz
Adrien Poujouly,,,,adrien_nutrinsport
Agathe Casanova,,,,agath___e
Aghiles Hamiti,,,,aghilesfitness
Ali Shaaben,,,,alishaaben_sw
Alix Davy,,,,alix_opt
Anaïs Lozano,,,,anais.rojas
André Alves Martins,,,,andre_streetlifting
Ashura Youssef Bouida,,,,ashura_workout
Aubin Chevillard,,,,obin.cd
Axelle Ditacroute,,,,axelle_dtcrt
Badreddine van der Stoel,,,,badr_vds
Bakary Fofana,,,,baxwell_el_trancheur
Bartlomiej Orchowski,,,,bartlomiejorchowski
Becaye Sane,,,,benji__sw
Benjamín Ibáñez,,,,benjhard.1
Charlie Cameron,,,,charliecamss_
Christina Fröhlich,,,,froehliche.chrissi
Claire Potiez Forest,,,,claire_podiatrist
Cyril Brau,,,,cyrillucciu
Damien Thenaisy,,,,drama_wkt
Danae Morgan,,,,queenofgainz
Daniël Wassenaar,,,,danielwassenaar
Diego Alexander Leon Delgado,,,,diegoleon24
Diksha Kapoor,,,,kapoordiksha23
Domenico Nicolosi,,,,_sir_nico
Dylan Gaveriaux,,,,dylan_gaveriaux
Dylan Heurteux,,,,baki_hd
Dylan Pion,,,,dylan.pion
Elder Paredes,,,,elderwalls
Enzo Chartier,,,,sayian_vegetal
Etienne Sahel,,,,etiennesahel
Eva-Sophie Mörschel,,,,ewasophisky
Faye Butler,,,,fayealexandrabutler
Florence Wong,,,,sweatyflo
Florent Geschlecht,,,,flo_sl_
Florian Marrec,,,,flomarrec
Fodil Bouchareb,,,,kaawabunga
François Li,,,,franzy_sl
Frida Austigard Petersen,,,,bicepsmami
Hakim Azahar,,,,hakim.azahar
Henrique Nascimento,,,,henrimnascimento
Inès Marius,,,,ines.m_liftsomeweights
Jesus Toscano,,,,jesustoscano__
Johan Sanon,,,,jojo_bizarre_athlete
Joshua Tay,,,,joshua_spade
José D'Almeida,,,,badmax_sl
Jovan Mastilovic,,,,_theoutlaw
Julie Brion,,,,workoutbyjulie
Julien Capdeville,,,,_yohra_
Julien Le Niou,,,,julien_lenion
Justin Hebert,,,,venom.sw
Katrena Goh Jia Min,,,,muscleupgiraffe
Kevin Gogo,,,,captaingatlin
Leonardo Giliberto,,,,leonardo.giliberto
Lionel Da Silva,,,,lionel_kenpachi
Lorenzo Mazzi,,,,lorenzo_mazzi_coach
Lucas Brancourt,,,,lucasbrancourt
Lucian Stanut,,,,iamluci_v
Ludivine Compain,,,,ludi.c
Ludovic Adigery,,,,ludo_adamantium
Lylia Ammour,,,,ammmourrr
Lynn Narings,,,,_lifestylynn_
Marc Altarriba Coronado,,,,marcaltarriba06
Marc Nassif,,,,marcnassif_
Marc Yeurc'h,,,,yeurchmarc
Margaux Sanchez,,,,margaux_snchz
Maroun Bou Sleiman,,,,marounb.sl
Martha Lubczynskyj,,,,marthalubfit
Mathew Zlat,,,,mathewzlat
Matthias Gisselbrecht,,,,matthiasgisselbrecht
Mattia Martinelli,,,,_mattitrainer_
Maxime Humily,,,,maxime_hmly
Meike Pohl,,,,meikepohl_
Mona Shafiei,,,,mona_lifts
Nadine Hettinga,,,,nadinehettinga_
Olivier N'Guessan,,,,coach_mvegeta
Pablo Reveriego Sansón,,,,pabloreveriego
Pascal Klinkowski,,,,coach_klinko
Pascal Prinzivalli,,,,pascalprinzivalli
Paul Mérat,,,,law_strength
Pauline Robert,,,,rbt_pau
Pere Coll,,,,perecollfdz
Peter Tolstrup,,,,petertolstrup
Raul Teslavici,,,,everydaytraining_
Robin Dolinar,,,,roby_dln
Salih Yolartiran,,,,salihyoll
Sarah Anyamele,,,,chimdi_____
Sinh Huynh,,,,shao.cb
Sofia Cerdan Bes,,,,sofiicerdan
Taru Riipinen,,,,taru.riipinen
Thavisay Chanthaboun,,,,thvy_c
Théo Goutte-Toquet,,,,theo.gtsl
Théodore Thézenas,,,,theo.thzns
Timo Wunnenberg,,,,timo_wnbg
Tom Berthier,,,,berthier_tom
Tonio Zeidler,,,,tonio.zed
Tony D'Agostino,,,,_dagostino_tony
Valerio Naldi,,,,valerio.naldi
Valerio Tabarin,,,,valeriotabarin
Victor Lafoucrière,,,,victorscarlatti
Walid Boulaghzalate,,,,arrow46_sw
Waris Radji,,,,riiswa
Xavier Macias,,,,xav.macias
Yohann Capdeville,,,,prz_yohann
