Sex,FirstName,LastName,Disambiguation,Country,BodyweightKg,ReportedRis,TotalKg,Status,StatusReason,MuscleUp1Kg,MuscleUp2Kg,MuscleUp3Kg,BestMuscleUpKg,PullUp1Kg,PullUp2Kg,PullUp3Kg,BestPullUpKg,Dips1Kg,Dips2Kg,Dips3Kg,BestDipsKg,Squat1Kg,Squat2Kg,Squat3Kg,BestSquatKg
M,Arkadiusz,Brych,,PL,,,55,competed,,,,,,,,,55,,,,,,,,
M,Przemysław,Drzymalski,,PL,,,62,competed,,,,,,,,,62,,,,,,,,
M,Tomasz,Duda,,PL,,,55,competed,,,,,,,,,55,,,,,,,,
M,Michał,Fila,,PL,,,95,competed,,,,,,,,,95,,,,,,,,
M,Marcin,Gurzyński,,PL,,,70,competed,,,,,,,,,70,,,,,,,,
M,Michał,Jurczuk,,PL,,,60,competed,,,,,,,,,60,,,,,,,,
M,Przemysław,Kasprzak,,PL,,,50,competed,,,,,,,,,50,,,,,,,,
M,Michał,Kmieć,,PL,,,60,competed,,,,,,,,,60,,,,,,,,
M,Paweł,Koch,,PL,,,70,competed,,,,,,,,,70,,,,,,,,
M,Piotr,Komosa,,PL,,,45,competed,,,,,,,,,45,,,,,,,,
M,Przemysław,Kołodziejczyk,,PL,,,45,competed,,,,,,,,,45,,,,,,,,
M,Radosław,Makuch,,PL,,,55,competed,,,,,,,,,55,,,,,,,,
M,Damian,Markowski,,PL,,,70,competed,,,,,,,,,70,,,,,,,,
M,Maciej,Miłaszewicz,,PL,,,52.5,competed,,,,,,,,,52.5,,,,,,,,
M,Karol,Romanowicz,,PL,,,60,competed,,,,,,,,,60,,,,,,,,
M,Przemysław,Sitkowski,,PL,,,40,competed,,,,,,,,,40,,,,,,,,
M,Mateusz,Stachowski,,PL,,,77.5,competed,,,,,,,,,77.5,,,,,,,,
M,Szymon,Sówka,,PL,,,57.5,competed,,,,,,,,,57.5,,,,,,,,
M,Łukasz,Urmanowski,,PL,,,65,competed,,,,,,,,,65,,,,,,,,
F,Alicja,Dackiewicz,,PL,,,12.5,competed,,,,,,,,,12.5,,,,,,,,
F,Pola,Fryszkowska,,PL,,,17,competed,,,,,,,,,17,,,,,,,,
F,Małgorzata,Luckner,,PL,,,40,competed,,,,,,,,,40,,,,,,,,
F,Katarzyna,Najman,,PL,,,47.5,competed,,,,,,,,,47.5,,,,,,,,
F,Oliwia,Strzelec,,PL,,,15,competed,,,,,,,,,15,,,,,,,,
