Sex,WeightClassKg,FirstName,LastName,Disambiguation,Country,BodyweightKg,Ris,Status,StatusReason,MuscleUp1Kg,MuscleUp2Kg,MuscleUp3Kg,BestMuscleUpKg,PullUp1Kg,PullUp2Kg,PullUp3Kg,BestPullUpKg,Dips1Kg,Dips2Kg,Dips3Kg,BestDipsKg,Squat1Kg,Squat2Kg,Squat3Kg,BestSquatKg
M,66,Ibrahim,Chaibi,,BE,,75.9,competed,,12.5,15,17.5,17.5,35,40,42.5,42.5,72.5,80,81.25,81.25,140,147.5,155,155
M,66,Killian,Flecheux,,BE,,75.27,competed,,7.5,11.25,13.75,13.75,47.5,55,58.75x,55,80x,87.5,91.25,91.25,137.5,147.5,155x,147.5
M,66,Arthur,Jongen,,BE,,87.69,competed,,20,25,28.75,28.75,62.5,70,72.5,72.5,90,100,103.75x,100,147.5,157.5,162.5x,157.5
M,66,Allan,Kostka,,FR,,83.77,competed,,12.5,17.5,21.25,21.25,60,66.25,70,70,70,80,85,85,155,165,172.5x,165
M,66,Edric,Magalona,,NL,,75.67,competed,,5,8.75,12.5,12.5,45,52.5x,52.5,52.5,82.5,87.5,92.5,92.5,135,142.5,152.5,152.5
M,66,Rayn,Ramkishun,,NL,,52.75,competed,,0,2.5x,2.5x,0,42.5,47.5,50,50,52.5,57.5,70x,57.5,105,115x,115x,105
M,66,Ryan,Ronomoeljo,,NL,,47.14,disqualified,Bombed the squat,7.5,11.25,15x,11.25,50,57.5,62.5x,57.5,110,117.5,122.5,122.5,165x,175x,185x,
M,66,,ThiZho,,BE,,91.92,competed,,25,30x,30x,25,70,77.5,82.5x,77.5,100,110,117.5x,110,145,155,162.5,162.5
M,66,Aaron,Willaert,,BE,,76.52,competed,,17.5x,17.5x,17.5,17.5,62.5,65,70,70,80,85,87.5,87.5,130,132.5,135,135
M,73,Israelian,Albert,,BE,,101.33,competed,,20,23.75,25,25,60,65,68.75x,65,110,120,125,125,210,227.5,240.5,240.5
M,73,Yohann,Capdeville,,FR,,98.31,competed,,25,30,32.5,32.5,76.25,80,83.75,83.75,125x,130,132.5,132.5,170,177.5,185,185
M,73,Samir,Hussain,,BE,,90.55,competed,,30,35,37.5x,35,75,80,82.5,82.5,100x,107.5,112.5x,107.5,165,175,182.5x,175
M,73,Guillaume,Parein,,BE,,80.94,competed,,17.5x,20x,20,20,70,77.5,82.5x,77.5,85,90,95,95,150,165,170,170
M,73,Etienne,Sahel,,FR,,90.88,competed,,15,20,22.5x,20,62.5,70,72.5,72.5,90,97.5,102.5x,97.5,190,200,212.5,212.5
M,73,Luca,Van Gremberghen,,NL,,102.03,competed,,37.5,41.25x,41.25x,37.5,80,82.5,85x,82.5,120,122.5,127.5,127.5,200,207.5,210,210
M,73,Devano,Zaandam,,NL,,89.3,competed,,17.5,20,25x,20,62.5,67.5,72.5,72.5,100x,107.5,115,115,170,180x,190,190
M,80,Daan,Bogert,,NL,,63.1,competed,,7.5,10,12.5,12.5,57.5,65x,65x,57.5,90,97.5x,102.5x,90,120,130,145,145
M,80,Romain,Chistrel,,FR,,94.61,competed,,12.5,16.25x,17.5,17.5,60,65,70,70,132.5,140,142.5x,140,205,215,225,225
M,80,Francois,Conreur,,BE,,95.28,competed,,35,41.25x,42.5x,35,90,95,100.25,100.25,125,132.5,136.25x,132.5,180,190,200x,190
M,80,Rafael,Furtado Matos,,BE,,78.23,competed,,20,25,27.5x,25,67.5,72.5,75,75,90,97.5,102.5x,97.5,170,180x,180,180
M,80,Deniz,Insel,,BE,,82.49,competed,,22.5,27.5,30,30,65,71.25,75x,71.25,115,120x,120x,115,175,182.5,187.5x,182.5
M,80,John,Nguyen,,NL,,82.58,competed,,17.5,22.5,25x,22.5,60,65,68.75,68.75,105,112.5x,112.5x,105,195,210x,217.5x,195
M,80,Michael,Schulz,,DE,,0,no_show,,,,,,,,,,,,,,,,,
M,80,S.E.M,Visser,,NL,,65.1,competed,,10x,12.5x,12.5,12.5,55,60,65x,60,65,75x,80,80,150,160x,160,160
M,80,Daniël,Wassenaar,,NL,,95.24,competed,,17.5,22.5,25,25,80,85,90,90,125,132.5,140x,132.5,190,200,212.5,212.5
M,80,Stanislav,Zhos,,UA,,83.27,competed,,20x,22.5x,22.5,22.5,80,85x,85x,80,112.5x,112.5,115,115,170,177.5,185,185
M,87,Tim,Engel,,NL,,84.55,competed,,15,20,25,25,70,80,85,85,100,112.5,115,115,190,200,207.5x,200
M,87,Paul-Emile,Huet,,BE,,90.5,competed,,20,25x,25,25,80x,85,92.5,92.5,110x,120,130x,120,200,210,215,215
M,87,Daan,Janssen,,NL,,74.1,competed,,12.5,17.5,20x,17.5,60,67.5,70,70,95,105,107.5x,105,170,180,185x,180
M,87,Dennis,Keyner,,NL,,74.43,competed,,15,17.5,20,20,62.5,66.25,68.75,68.75,92.5,97.5,100,100,170,175,180,180
M,87,Jan,Knoest,,NL,,102.82,competed,,25,30x,30x,25,85,90,95,95,140,145,147.5x,145,235,250,255,255
M,87,Glenn,Tertoolen,,NL,,85.22,competed,,18.75x,20,23.75x,20,67.5,72.5,77.5x,72.5,105,112.5,120x,112.5,200,215,220,220
M,87,Gilles,Vandeput,,BE,,64.36,competed,,7.5,10,12.5x,10,50x,50,55x,50,100,105,107.5x,105,150,152.5,160,160
M,87,Tim,de Blois,,NL,,81.56,competed,,12.5,15,17.5,17.5,60,67.5,72.5,72.5,125,132.5,140,140,170,180,190x,180
M,94,Kenny,Kathmann,,NL,,86.46,competed,,17.5,22.5,25,25,75,80,82.5,82.5,110,120,122.5,122.5,210x,210,217.5,217.5
M,94,Robin,Pittia,,BE,,60.98,disqualified,Bombed the dips,7.5,12.5x,15x,7.5,60,67.5,70x,67.5,120x,130x,130x,,220,230,240,240
M,94,Gwendal Scott,Roy Simon,,BE,,94.02,competed,,25,30x,30,30,75,80,82.5x,80,140,141.25x,141.25x,140,227.5,232.5,240x,232.5
M,94,Duncan,Vos,,NL,,90.14,competed,,20,25,27.5x,25,70,75,80,80,120,121.25x,132.5,132.5,215,222.5,230,230
M,94,Badreddine,van der Stoel,,NL,,101.4,competed,,25,30,35x,30,85x,87.5,95,95,165x,170,180,180,180,200,220,220
M,94+,Samuel,Adjeodah,,BE,,84.28,disqualified,Bombed the muscle-up,15x,15x,15x,,67.5x,67.5,75x,67.5,110,120,125x,120,235x,240x,252.5,252.5
M,94+,Jan,Bałut,,PL,,72.93,competed,,15,17.5,20x,17.5,62.5,65,70,70,110,115,117.5x,115,170,180,200x,180
M,94+,Jonas,Mees,,BE,,92.92,competed,,12.5,17.5x,17.5,17.5,55,65,70x,65,112.5,125,130,130,257.5,272.5,280x,272.5
M,94+,Jordin,Vliegen,,NL,,88.66,competed,,20,22.5,25,25,65,72.5,73.75x,72.5,132.5x,132.5,137.5x,132.5,220,230,235,235
M,94+,Loic,Wolfs,,BE,,34.78,competed,,5,7.5,10x,7.5,47.5,55,60,60,77.5,85,90,90,25,27.5x,27.5x,25
M,94+,Ivo,van Beveren,,NL,,81.11,competed,,20,22.5,25,25,65,72.5,75,75,110,115,116.25,116.25,190,200,210,210
F,57,Nadine,Hettinga,,NL,,125.11,competed,,7.5,11.25,15,15,48.75,53.75,56.25,56.25,67.5,75,80,80,125,135,142.5x,135
F,57,Federica,Mauri,,IT,,0,no_show,,,,,,,,,,,,,,,,,
F,57,Alice,Nederlandt,,BE,,60.51,competed,,2.5,5,6.25,6.25,15,17.5,20x,17.5,35,40x,40x,35,75,80,85x,80
F,57,Manon,Vergucht,,BE,,90.49,competed,,0,3.75,5,5,27.5,32.5,35,35,43.75,50,52.5x,50,105,112.5,117.5,117.5
F,63,Laurine,Bourcy,,BE,,80.13,disqualified,Bombed the muscle-up,0x,0x,0x,,11.25,15,17.5x,15,40x,40x,45,45,117.5,125,130,130
F,63,Morgane,Bouvy,,BE,,85.18,competed,,0,1x,1x,0,5,7.5,12.5,12.5,30,35,40,40,137.5,145,150.5,150.5
F,63,Amber,Falque,,BE,,81.01,competed,,2.5,5x,5x,2.5,17.5,22.5,25,25,37.5,42.5,45x,42.5,115,122.5,127.5x,122.5
F,63,Hanna,Hoogen,,DE,,58.81,competed,,0,1.25x,1.25x,0,22.5,25,27.5x,25,22.5,25,27.5x,25,80,85,90,90
F,63,Shannon,Nanninga,,NL,,71.96,competed,,0,2.5,5,5,17.5,20,22.5,22.5,30,35,40,40,95,100,105x,100
F,63,Janneke,Roeterink,,NL,,88.73,competed,,0,3.75,5x,3.75,22.5,27.5,30x,27.5,45,50,55,55,115,120,125,125
F,70,Serena,Fernandez Ilona,,BE,,59.72,disqualified,Bombed the muscle-up,0x,0x,0x,,7.5x,10,11.25x,10,15,20,21.25,21.25,100,107.5,112.5,112.5
F,70,Lynn,Narings,,NL,,113.66,competed,,7.5,10,12.5,12.5,22.5,27.5,31.25,31.25,62.5,65,70x,65,147.5,157.5,165,165
F,70,Inori,Serre,,NL,,80.04,competed,,0,1.25x,1.25x,0,30,32.5,37.5x,32.5,45,50,55x,50,105,110,115x,110
F,70,Myrthe,van der Haijden,,NL,,92.77,competed,,2.5,6.25,10x,6.25,27.5x,31.25,33.75,33.75,47.5,52.5,57.5,57.5,117.5,125x,125,125
F,70+,Lian,Brands,,NL,,81.37,competed,,1.25,5x,5x,1.25,22.5,27.5,30x,27.5,42.5x,47.5,50x,47.5,115x,115,120,120
F,70+,,Lobofit,,BE,,74.46,disqualified,Bombed the muscle-up,0x,0x,0x,,7.5,12.5,16.25x,12.5,10x,15x,17.5,17.5,140,150,160.5x,150
F,70+,Claudia,van Osch,,NL,,102.49,competed,,10,12.5,15,15,47.5,50,52.5,52.5,50,55x,60x,50,120,127.5,130,130
