Sex,FirstName,LastName,Disambiguation,Country,BodyweightKg,ReportedRis,TotalKg,Status,StatusReason,BodyweightSource,ReportedRisEdition,MuscleUp1Kg,MuscleUp2Kg,MuscleUp3Kg,BestMuscleUpKg,PullUp1Kg,PullUp2Kg,PullUp3Kg,BestPullUpKg,Dips1Kg,Dips2Kg,Dips3Kg,BestDipsKg,Squat1Kg,Squat2Kg,Squat3Kg,BestSquatKg
M,Antoine,Auvray,,,77,77.2,373.75,competed,,recovered,2026,13.75,16.25,17.5,17.5,70,76.25,81.25,81.25,80,90,100x,90,165x,175,185,185
M,Romain,Chistrel,,FR,85.5,88.62,460,competed,,recovered,2026,11.75,15,17.5,17.5,57.5,63.75x,65x,57.5,135,142.5,147.5,147.5,222.5,232.5,237.5,237.5
M,Samuel,Demeilliers,,FR,79,74.68,368.75,competed,,recovered,2026,15x,15,18.75,18.75,50,60,65,65,85,95,102.5x,95,170,182.5,190,190
M,Tiago,Goncalves,,,72.1,52.95,242.5,competed,,recovered,2026,0,2.5x,2.5x,0,42.5,47.5,50x,47.5,52.5,60,65,65,122.5,125,130,130
M,Maxime,Humily,,FR,110,89.35,493.75,competed,,recovered,2026,5,10x,10,10,62.5,70,76.25,76.25,110,125,135,135,240,260,272.5,272.5
M,Antoine,Le Guern,,FR,65.5,78.98,332.5,competed,,recovered,2026,17.5,20x,22.5,22.5,55,62.5,70,70,100,110,120x,110,120,130,140x,130
M,Baptiste,Leban,,FR,70.9,80.06,361.25,competed,,recovered,2026,12.5,18.75,21.25,21.25,47.5,55,60,60,85,95,102.5x,95,170,177.5,185,185
M,Siméon,Lefevre,,FR,77.3,80.05,388.75,competed,,recovered,2026,13.75,17.5,20x,17.5,60,65,68.75x,65,103.75,112.5,116.25,116.25,170,182.5,190,190
M,Camille,Leneguer,,FR,69.7,68.91,306.25,competed,,recovered,2026,12.5,13.75,16.25,16.25,52.5,57.5,60,60,82.5,90x,90,90,130,140,150x,140
M,Nathan,Mallard,,FR,,60.76,,disqualified,Bombed the muscle-up,,,10x,12.5x,12.5x,,45,50,51.25,51.25,75,80,85,85,150,152.5,160,160
M,Clément,Naulleau,,FR,82.9,72.54,370,competed,,recovered,2026,22.5,26.25x,26.25x,22.5,58.75,63.75,65,65,92.5,102.5,105x,102.5,160,170,180,180
M,Ilyes,Pelletier,,FR,77.1,77.63,376.25,competed,,recovered,2026,17.5,20,21.25,21.25,55,58.75,60x,58.75,100,108.75,112.5x,108.75,177.5,187.5,200x,187.5
M,Mattéo,Trobrillant,,FR,76.6,66.89,322.5,competed,,recovered,2026,5,10,12.5x,10,45,52.5x,52.5x,45,85,87.5x,87.5x,85,167.5,175,182.5,182.5
F,Maëlhen,Douillard,,,,59.56,,disqualified,Bombed the muscle-up,,,0x,0x,0x,,13.75,17.5,20,20,22.5,22.5x,27.5,27.5,110,115,120,120
F,Louise,Dutertre,,FR,61.8,73.31,203.75,competed,,recovered,2026,0,1.25x,1.25x,0,25,28.75,31.25,31.25,37.5,42.5,47.5,47.5,115,120,125,125
F,Romane,Le Goff,,,53.3,63.86,160,competed,,recovered,2026,0,0x,0x,0,10,15,21.25x,15,30,35x,37.5,37.5,90x,100,107.5,107.5
F,Justine,Loyer,,FR,59.4,82.92,227.5,competed,,recovered,2026,0,1.25,2.5,2.5,20,25,30,30,47.5,53.75,57.5,57.5,125,132.5,137.5,137.5
F,Clara,Pasquier,,FR,54.4,68.16,175,competed,,recovered,2026,6.25,10,12.5,12.5,23.75,27.5x,27.5,27.5,30,35,40x,35,92.5,100,105x,100
